S.No.;Order ID;OrderDetail ID;Order Number;Order Status;Order Financial Status;Store Name;Product Name;Product Variant;shopify_order_detail_id;admin_graphql_api_id;fulfillable_quantity;IOSS Number;Product Image Link;Link of Product Page;Product Id and Variant Name;Gift Card;Grams/gm;Price;Shopify Product ID;Quantity;SKU;Total Discount;shopify_variant_id;account_details_id;quotation_id;supplier_account_details_id;supplier name;quote_price;is_amount_deducted;is_exchange_order;is_shipped;Customer Name;Paid by shop owner;Date of payment;Customer Phone Number;Customer Email;Address1;Address2;City;Province;Province Code;Country;Country Code;Zip Code;Company;latitude;longitude;Intransit Date;Max Processing Time;Max Delievery Time;Admin supplier name;Agent support name;order_tracking_number;Order Created Date;Order Processing Date;Client Name;Fee/Order;Affiliate Fee;Agent Fee
1;675225;778322;2246-A;Not quoted;authorized;utopos-shop;Shavy | Silky Haar Verwijderaar;Default Title;12102592069831;gid://shopify/Product/7594998923463;1;0000;https://cdn.shopify.com/s/files/1/0617/1836/4359/products/shavy8.webp?v=1673129255;https://utopos-shop.myshopify.com/products/shavy;7594998923463-;0;0;29,99;7594998923463;1;;0;42995640434887;253;0;0;;0;0;0;0;Harvester  Nzoyitunga ;Pending;;;harvester2001@hotmail.com;De Merodelei 126;;Turnhout;;;Belgium;BE;2300;;51.3215358;4.9358002;;;;;KEVIN MUHAXHIRI;;08-01-2023 21:59:21;;Pjotr Heijmans;1,1;0;0,05
2;673310;776131;2240-A;Not quoted;authorized;utopos-shop;Shavy | Silky Haar Verwijderaar;Default Title;12102139183303;gid://shopify/Product/7594998923463;1;0000;https://cdn.shopify.com/s/files/1/0617/1836/4359/products/shavy8.webp?v=1673129255;https://utopos-shop.myshopify.com/products/shavy;7594998923463-;0;0;29,99;7594998923463;1;;0;42995640434887;253;0;0;;0;0;0;0;Arquiles Hersisia;Pending;;;arguiles12@hotmail.com;Van Alphenstraat 33;;Tilburg;;;Netherlands;NL;5014 MS;;51.5721256;5.0924072;;;;;KEVIN MUHAXHIRI;;08-01-2023 14:48:58;;Pjotr Heijmans;1,1;0;0,05
3;673311;776132;2241-A;Not quoted;authorized;utopos-shop;Shavy | Silky Haar Verwijderaar;Default Title;12102148325575;gid://shopify/Product/7594998923463;1;0000;https://cdn.shopify.com/s/files/1/0617/1836/4359/products/shavy8.webp?v=1673129255;https://utopos-shop.myshopify.com/products/shavy;7594998923463-;0;0;29,99;7594998923463;1;;0;42995640434887;253;0;0;;0;0;0;0;ramona Barto;Pending;;;ramonabarto3@hotmail.com;Evertsenstraat 14;;Capelle aan den IJssel;;;Netherlands;NL;2901 AK;;51.912124;4.5664835;;;;;KEVIN MUHAXHIRI;;08-01-2023 14:49:01;;Pjotr Heijmans;1,1;0;0,05
4;673347;776169;1411-A;Not quoted;authorized;daan-van-de-gein-4258;HATAS® - Luxe pijn verlichter!;Default Title;11450609827972;gid://shopify/Product/7046348537988;1;0000;https://cdn.shopify.com/s/files/1/0604/0515/3924/products/s-l1600_1f03fd6e-b6af-4f7e-b1c1-84784f2d885f.webp?v=1673115555;https://daan-van-de-gein-4258.myshopify.com/products/relievestar-ems-vandaag-1-1-gratis;7046348537988-;0;0;29,95;7046348537988;1;200007763:201336100:14:200003699#Battery models;0;41257417015428;420;0;0;;0;0;0;0;Af Blijven;Pending;;0488 39 14 14;tom.de.tilburg99@gmail.com;Guillaume Fierensstraat 9;9;Lokeren;;;Belgium;BE;9160;;51.1157512;3.996197;;;;;Yoran Jong;;08-01-2023 15:04:51;;Daan Van De Gein;1,5;0;0,05
5;673348;776170;1412-A;Not quoted;authorized;daan-van-de-gein-4258;HATAS® -Mini GPS Tracker Magneet;Default Title;11450612744324;gid://shopify/Product/7045698453636;1;0000;https://cdn.shopify.com/s/files/1/0604/0515/3924/products/mini-gps-tracker-magneet-533010.webp?v=1672947535;https://daan-van-de-gein-4258.myshopify.com/products/mini-gps-tracker-magneet;7045698453636-;0;0;24,95;7045698453636;1;;0;41255254261892;420;0;0;;0;0;0;0;Mounir Dezzaz;Pending;;+31 6 29400187;nmo1981@gmail.com;Wolbrantskerkweg 50 B;;Amsterdam;;;Netherlands;NL;1069 DA;;52.3557999;4.7974149;;;;;Yoran Jong;;08-01-2023 15:04:53;;Daan Van De Gein;1,5;0;0,05
6;673349;776171;1413-A;Not quoted;authorized;daan-van-de-gein-4258;Broadlys® Cervitrex | Nekstretcher;Default Title;11450612842628;gid://shopify/Product/7031748165764;1;0000;https://cdn.shopify.com/s/files/1/0604/0515/3924/products/Cervitrex_2_b070e1b1-d7f5-420a-9006-97229988b967.png?v=1670253447;https://daan-van-de-gein-4258.myshopify.com/products/lure-cervitrex-nekstretcher;7031748165764-;0;0;34,95;7031748165764;1;;0;41204011171972;420;0;0;;0;0;0;0;Linda Smit;Pending;;;lindasmit3009@gmail.com;De Wiltstraat 63;;Arnhem;;;Netherlands;NL;6821 CC;;51.9886779;5.9094379;;;;;Yoran Jong;;08-01-2023 15:04:55;;Daan Van De Gein;1,5;0;0,05
7;673352;774886;1416-A;Not quoted;authorized;daan-van-de-gein-4258;HATAS® - Luxe pijn verlichter!;Default Title;11450617626756;gid://shopify/Product/7046348537988;1;0000;https://cdn.shopify.com/s/files/1/0604/0515/3924/products/s-l1600_1f03fd6e-b6af-4f7e-b1c1-84784f2d885f.webp?v=1673115555;https://daan-van-de-gein-4258.myshopify.com/products/relievestar-ems-vandaag-1-1-gratis;7046348537988-;0;0;29,95;7046348537988;1;200007763:201336100:14:200003699#Battery models;0;41257417015428;420;0;0;;0;0;0;0;Salama Salama;Pending;;06 42759800;yasirsalama712@gmail.com;Diemen;211;Diemen;;;Netherlands;NL;1113 EA;;52.3521298;4.9770134;;;;;Yoran Jong;;08-01-2023 15:05:01;;Daan Van De Gein;1,5;0;0,05
8;673353;776175;1417-A;Not quoted;authorized;daan-van-de-gein-4258;HATAS® -Point Snap Film;Zwart;11450636140676;gid://shopify/Product/7046055755908;1;0000;https://cdn.shopify.com/s/files/1/0604/0515/3924/products/S8b632ef3b80742bda19c3ece2003653fh.webp?v=1673033507;https://daan-van-de-gein-4258.myshopify.com/products/point-snap-film;7046055755908-Zwart;0;0;29,95;7046055755908;1;14:193#Upgraded Black:200007763:201336100;0;41256479981700;420;0;0;;0;0;0;0;Marcella Cramer;Pending;;;marcellac_99@yahoo.com;Ruigoord 59;;Rotterdam;;;Netherlands;NL;3079 XN;;51.8785524;4.5557815;;;;;Yoran Jong;;08-01-2023 15:05:04;;Daan Van De Gein;1,5;0;0,05
9;673355;776177;1419-A;Not quoted;authorized;daan-van-de-gein-4258;HATAS® - Mini portable scheerapparaat;Zwart;11450710294660;gid://shopify/Product/7046055264388;1;0000;https://cdn.shopify.com/s/files/1/0604/0515/3924/products/Sc5f0f8a3b6394961a3ab584ee70664b8K.webp?v=1673032308;https://daan-van-de-gein-4258.myshopify.com/products/mini-portable-scheerapparaat;7046055264388-Zwart;0;0;32,95;7046055264388;1;14:350853#Type 1 Black;0;41256471724164;420;0;0;;0;0;0;0;Shabahang Shariatzadeh;Pending;;;shabahang@live.nl;Boslaan 21D22;;Bussum;;;Netherlands;NL;1405 BZ;;;;;;;;Yoran Jong;;08-01-2023 15:05:09;;Daan Van De Gein;1,5;0;0,05
10;672201;774786;1394-A;Not quoted;authorized;daan-van-de-gein-4258;HATAS® - Luxe pijn verlichter!;Default Title;11450446545028;gid://shopify/Product/7046348537988;1;0000;https://cdn.shopify.com/s/files/1/0604/0515/3924/products/s-l1600_1f03fd6e-b6af-4f7e-b1c1-84784f2d885f.webp?v=1673115555;https://daan-van-de-gein-4258.myshopify.com/products/relievestar-ems-vandaag-1-1-gratis;7046348537988-;0;0;29,95;7046348537988;1;200007763:201336100:14:200003699#Battery models;0;41257417015428;420;0;0;;0;0;0;0;Keli Filipovikj;Pending;;0484 65 92 73;fetijeb66@gmail.com;Herebaan-Oost;14 1-3;Houthalen-Helchteren;;;Belgium;BE;3530;;51.0320931;5.3903055;;;;;Yoran Jong;;08-01-2023 11:35:16;;Daan Van De Gein;1,5;0;0,05
