S.No.;Order ID;OrderDetail ID;Order Number;Order Status;Order Financial Status;Store Name;Product Name;Product Variant;shopify_order_detail_id;admin_graphql_api_id;fulfillable_quantity;IOSS Number;Product Image Link;Link of Product Page;Product Id and Variant Name;Gift Card;Grams/gm;Price;Shopify Product ID;Quantity;SKU;Total Discount;shopify_variant_id;account_details_id;quotation_id;supplier_account_details_id;supplier name;quote_price;is_amount_deducted;is_exchange_order;is_shipped;Customer Name;Paid by shop owner;Date of payment;Customer Phone Number;Customer Email;Address1;Address2;City;Province;Province Code;Country;Country Code;Zip Code;Company;latitude;longitude;Intransit Date;Max Processing Time;Max Delievery Time;Admin supplier name;Agent support name;order_tracking_number;Order Created Date;Order Processing Date;Client Name;Fee/Order;Affiliate Fee;Agent Fee
1;672823;778322;1398-A;Not quoted;authorized;daan-van-de-gein-4258;HATAS® - Luxe pijn verlichter!;Default Title;11450475282564;gid://shopify/Product/7046348537988;1;0000;https://cdn.shopify.com/s/files/1/0604/0515/3924/products/s-l1600_1f03fd6e-b6af-4f7e-b1c1-84784f2d885f.webp?v=1673115555;https://daan-van-de-gein-4258.myshopify.com/products/relievestar-ems-vandaag-1-1-gratis;7046348537988-;0;0;29,95;7046348537988;1;200007763:201336100:14:200003699#Battery models;0;41257417015428;420;0;0;;0;0;0;0;Mohamed El karicha;Pending;;;m.elkaricha@outlook.com;Ommersteinsestraat 15;;Echteld;;;Netherlands;NL;4054 NN;;51.9084697;5.4969563;;;;;Yoran Jong;;08-01-2023 13:34:28;;Daan Van De Gein;1,5;0;0,05
2;672824;775577;1399-A;Not quoted;authorized;daan-van-de-gein-4258;HATAS®  -Metalen Uitklapbare Auto Telefoonhouder;Default Title;11450482688132;gid://shopify/Product/7044829249668;1;0000;https://cdn.shopify.com/s/files/1/0604/0515/3924/products/kolibrin-foldable-metal-car-phone-holder-215398.webp?v=1672772396;https://daan-van-de-gein-4258.myshopify.com/products/metalen-uitklapbare-auto-telefoonhouder;7044829249668-;0;0;29,95;7044829249668;1;;0;41252827168900;420;0;0;;0;0;0;0;Joop Van Rooij;Pending;;;japvanrooij1988@kpnmail.nl;Weisshorn  101;;Eindhoven;;;Netherlands;NL;5624 NT;;;;;;;;Yoran Jong;;08-01-2023 13:34:30;;Daan Van De Gein;1,5;0;0,05
3;672828;775581;1403-A;Not quoted;authorized;daan-van-de-gein-4258;HATAS® -Mini GPS Tracker Magneet;Default Title;11450514538628;gid://shopify/Product/7045698453636;1;0000;https://cdn.shopify.com/s/files/1/0604/0515/3924/products/mini-gps-tracker-magneet-533010.webp?v=1672947535;https://daan-van-de-gein-4258.myshopify.com/products/mini-gps-tracker-magneet;7045698453636-;0;0;24,95;7045698453636;1;;0;41255254261892;420;0;0;;0;0;0;0;Gert Van den Broeck;Pending;;;gert.vdbroeck@gmail.com;Eikelstraat 25;;Kalmthout;;;Belgium;BE;2920;;51.3756842;4.4707241;;;;;Yoran Jong;;08-01-2023 13:34:41;;Daan Van De Gein;1,5;0;0,05
4;672829;775582;1404-A;Not quoted;authorized;daan-van-de-gein-4258;HATAS® - Luxe pijn verlichter!;Default Title;11450520469636;gid://shopify/Product/7046348537988;1;0000;https://cdn.shopify.com/s/files/1/0604/0515/3924/products/s-l1600_1f03fd6e-b6af-4f7e-b1c1-84784f2d885f.webp?v=1673115555;https://daan-van-de-gein-4258.myshopify.com/products/relievestar-ems-vandaag-1-1-gratis;7046348537988-;0;0;29,95;7046348537988;1;200007763:201336100:14:200003699#Battery models;0;41257417015428;420;0;0;;0;0;0;0;irena szytniewska;Pending;;+48 667 943 562;irena19730511@wp.pl;Moezelstraat;40;Assen;;;Netherlands;NL;9406 VM;;53.0085868;6.5438693;;;;;Yoran Jong;;08-01-2023 13:34:43;;Daan Van De Gein;1,5;0;0,05
5;672834;775587;1408-A;Not quoted;authorized;daan-van-de-gein-4258;HATAS® -Point Snap Film;Zwart;11450569261188;gid://shopify/Product/7046055755908;1;0000;https://cdn.shopify.com/s/files/1/0604/0515/3924/products/S8b632ef3b80742bda19c3ece2003653fh.webp?v=1673033507;https://daan-van-de-gein-4258.myshopify.com/products/point-snap-film;7046055755908-Zwart;0;0;29,95;7046055755908;1;14:193#Upgraded Black:200007763:201336100;0;41256479981700;420;0;0;;0;0;0;0;Kim Flipse;Pending;;;kimflipse@gmail.com;Piersonstraat 8;;Vlissingen;;;Netherlands;NL;4384 HK;;51.4660494;3.555741;;;;;Yoran Jong;;08-01-2023 13:34:52;;Daan Van De Gein;1,5;0;0,05
6;672837;775590;1410-A;Not quoted;authorized;daan-van-de-gein-4258;HATAS® -Mini GPS Tracker Magneet;Default Title;11450595442820;gid://shopify/Product/7045698453636;1;0000;https://cdn.shopify.com/s/files/1/0604/0515/3924/products/mini-gps-tracker-magneet-533010.webp?v=1672947535;https://daan-van-de-gein-4258.myshopify.com/products/mini-gps-tracker-magneet;7045698453636-;0;0;24,95;7045698453636;1;;0;41255254261892;420;0;0;;0;0;0;0;Tomasz Nowaszewski;Pending;;+32 496 98 24 70;tomekbxl@live.be;Engerstraat 124;;Kortenberg;;;Belgium;BE;3071;;50.8976472;4.5503494;;;;;Yoran Jong;;08-01-2023 13:34:56;;Daan Van De Gein;1,5;0;0,05
7;672201;774886;1394-A;Not quoted;authorized;daan-van-de-gein-4258;HATAS® - Luxe pijn verlichter!;Default Title;11450446545028;gid://shopify/Product/7046348537988;1;0000;https://cdn.shopify.com/s/files/1/0604/0515/3924/products/s-l1600_1f03fd6e-b6af-4f7e-b1c1-84784f2d885f.webp?v=1673115555;https://daan-van-de-gein-4258.myshopify.com/products/relievestar-ems-vandaag-1-1-gratis;7046348537988-;0;0;29,95;7046348537988;1;200007763:201336100:14:200003699#Battery models;0;41257417015428;420;0;0;;0;0;0;0;Keli Filipovikj;Pending;;0484 65 92 73;fetijeb66@gmail.com;Herebaan-Oost;14 1-3;Houthalen-Helchteren;;;Belgium;BE;3530;;51.0320931;5.3903055;;;;;Yoran Jong;;08-01-2023 11:35:16;;Daan Van De Gein;1,5;0;0,05
8;671222;774786;1390-A;Not quoted;authorized;daan-van-de-gein-4258;HATAS® -Mini GPS Tracker Magneet;Default Title;11450139639940;gid://shopify/Product/7045698453636;1;0000;https://cdn.shopify.com/s/files/1/0604/0515/3924/products/mini-gps-tracker-magneet-533010.webp?v=1672947535;https://daan-van-de-gein-4258.myshopify.com/products/mini-gps-tracker-magneet;7045698453636-;0;0;24,95;7045698453636;1;;0;41255254261892;420;0;0;;0;0;0;0;Mehmedov Orhan;Pending;;0488 59 62 12;mehmedovogi@gmail.com;Gentstraat;173;Temse;;;Belgium;BE;9140;;;;;;;;Yoran Jong;;08-01-2023 06:56:05;;Daan Van De Gein;1,5;0;0,05
9;670985;773523;1370-A;Not quoted;authorized;daan-van-de-gein-4258;HATAS®  -Metalen Uitklapbare Auto Telefoonhouder;Default Title;11449073598596;gid://shopify/Product/7044829249668;2;0000;https://cdn.shopify.com/s/files/1/0604/0515/3924/products/kolibrin-foldable-metal-car-phone-holder-215398.webp?v=1672772396;https://daan-van-de-gein-4258.myshopify.com/products/metalen-uitklapbare-auto-telefoonhouder;7044829249668-;0;0;29,95;7044829249668;2;;0;41252827168900;420;0;0;;0;0;0;0;Sirano Leliëndal;Pending;;;mastersi@msn.com;Bijlmerdreef 671;;Amsterdam;;;Netherlands;NL;1102 RR;;52.3175154;4.9596151;;;;;Yoran Jong;;08-01-2023 03:13:30;;Daan Van De Gein;1,5;0;0,05
10;670986;773524;1371-A;Not quoted;authorized;daan-van-de-gein-4258;HATAS® -Mini GPS Tracker Magneet;Default Title;11449097158788;gid://shopify/Product/7045698453636;1;0000;https://cdn.shopify.com/s/files/1/0604/0515/3924/products/mini-gps-tracker-magneet-533010.webp?v=1672947535;https://daan-van-de-gein-4258.myshopify.com/products/mini-gps-tracker-magneet;7045698453636-;0;0;24,95;7045698453636;1;;0;41255254261892;420;0;0;;0;0;0;0;Mahmood Nasrullah;Pending;;;mnasrullah009@gmail.com;Jan van der Horststraat 74;;Haarlem;;;Netherlands;NL;2035 RX;;;;;;;;Yoran Jong;;08-01-2023 03:13:35;;Daan Van De Gein;1,5;0;0,05